Rm201A_EST,e
Rm201A_WST,e
Rm202,c
Rm204,n
Rm206_NTH,n
Rm206_STH,n
Rm207A,n
Rm207B,n
Rm207D_EST,w
Rm207D_WST,s
Rm209,s
Rm215,c
Rm302,s
Rm303,e
Rm304,e
Rm305,c
Rm307,n
Rm309,c
Rm311,n
Rm312,n
Rm313,w
Rm314,w
Rm315,s
Rm316,s
Rm319,c
Rm402,s
Rm406,n
Rm408,n
Rm409,n
Rm411,w
Rm412,w
Rm413,
Rm414,s
Rm415,c
Rm417,c
Rm502,s
Rm503,e
Rm504,e
Rm505,e
Rm507,n
Rm510,n
Rm513,w
Rm514,w
Rm515,s
Rm517,c
Rm519,c
Rm602,s
Rm603,s
Rm604,e
Rm605,e
Rm607,n
Rm611,n
Rm613,w
Rm614,w
Rm615,c
Rm617,c
Rm702,s
Rm704,e
Rm707,n
Rm709,n
Rm710,w
Rm711,w
Rm712,c
Rm714,c
Rm802,s
Rm803,e
Rm804,e
Rm805,n
Rm806,n
Rm809,c
Rm404_405,e
Rm703,e
RmF2_BRIDG,b
RmF3_BRIDG,b
RmF4_BRIDG,b
RmF5_BRIDG,b
RmF6_BRIDG,b
